{"OpenedDocuments":"[\"Main.xaml\",\"BAPI_GetAttachments.xaml\"]","ProjectActivitiesViewState":"{\"BusinessWorkflows/SAP/VL03N/VL03N_GetAttachments.xaml\":[{\"ActivityIdRef\":\"If_3\",\"IsAdvancedOptionsExpanded\":false,\"Widgets\":{}}],\"ExtractPdf.xaml\":[]}","ProjectBreakpoints":"{\"Value\":{\"ExtractPdf.xaml\":[{\"ConditionalExpression\":null,\"ActionExpression\":null,\"ExpectedHitCounter\":null,\"ShouldContinueAfterAction\":false,\"IsTransient\":false,\"IsEnabled\":true,\"Id\":\"58472e21-e8a9-4434-b832-d42cab701c88\",\"ActivityIdRef\":\"LogMessage_1\",\"ActivityId\":\"1.2\",\"ActivityName\":\"Log Message\"},{\"ConditionalExpression\":null,\"ActionExpression\":null,\"ExpectedHitCounter\":null,\"ShouldContinueAfterAction\":false,\"IsTransient\":false,\"IsEnabled\":true,\"Id\":\"7f9d6ecc-d7d6-463b-b1b4-b585a6f0f8b7\",\"ActivityIdRef\":\"Matches_1\",\"ActivityId\":\"1.36\",\"ActivityName\":\"Matches\"}]}}","ProjectWatches":"{\"Value\":[]}"}